drink,Volume (ml),Calories,Caffeine (mg),type_Energy Drinks,type_Energy Shots,type_Soft Drinks,type_Tea,type_Water
Costa Coffee,0.30414414414414404,0.0,0.8523076923076923,False,False,False,False,False
Coffee Friend Brewed Coffee,0.2958558558558559,0.0,0.4461538461538462,False,False,False,False,False
Hell Energy Coffee,0.2958558558558559,0.42857142857142855,0.3076923076923077,False,False,False,False,False
Killer Coffee (AU),0.2958558558558559,0.0,1.0,False,False,False,False,False
Nescafe Gold,0.2958558558558559,0.0,0.20307692307692307,False,False,False,False,False
Espresso Monster,0.29369369369369364,0.4857142857142857,0.49230769230769234,False,False,False,False,False
Dunkin Donuts Shot In The Dark,0.2828828828828829,0.22857142857142856,0.4123076923076923,False,False,False,False,False
Illy Issimo Cafe,0.236036036036036,0.12857142857142856,0.47692307692307695,False,False,False,False,False
Starbucks Doubleshot Espresso,0.2252252252252252,0.4,0.36923076923076925,False,False,False,False,False
TrueStart Performance Coffee,0.17477477477477477,0.0,0.2923076923076923,False,False,False,False,False
Bizzy Cold Brew,0.08720720720720719,0.0,0.38461538461538464,False,False,False,False,False
Zola Coconut Water Espresso,0.6216216216216216,0.0,0.38461538461538464,False,False,False,False,False
Barista Bros Iced Coffee,0.6003603603603603,0.5828571428571429,0.4307692307692308,False,False,False,False,False
Dare Iced Coffee,0.6003603603603603,1.0,0.49230769230769234,False,False,False,False,False
V Iced Coffee,0.6003603603603603,0.9857142857142858,0.47692307692307695,False,False,False,False,False
Bottled Iced Coffee Dunkin Donuts,0.4846846846846846,0.7428571428571429,0.5261538461538462,False,False,False,False,False
Starbucks Bottled Frappuccino,0.4846846846846846,0.8571428571428571,0.3384615384615385,False,False,False,False,False
Stok Cold Brew,0.4846846846846846,0.0,0.4461538461538462,False,False,False,False,False
Wide Awake Iced Coffee Drinks,0.4846846846846846,0.8285714285714286,0.09230769230769231,False,False,False,False,False
Caribou Canned Cold Brew,0.4054054054054054,0.02857142857142857,0.5446153846153846,False,False,False,False,False
McDonalds Iced Coffee,0.4054054054054054,0.5142857142857142,0.40923076923076923,False,False,False,False,False
Premier Protein Cafe Latte,0.4054054054054054,0.45714285714285713,0.36923076923076925,False,False,False,False,False
Stumptown Cold Brew Coffee,0.3693693693693693,0.008571428571428572,0.8584615384615385,False,False,False,False,False
Espresso Shot,0.04504504504504504,0.0,0.23692307692307693,False,False,False,False,False
Peet's Coffee Espresso,0.04504504504504504,0.0,0.2153846153846154,False,False,False,False,False
Peet's Decaf Espresso,0.04504504504504504,0.0,0.03076923076923077,False,False,False,False,False
Gourmesso Coffee Pods,0.03963963963963964,0.0,0.2,False,False,False,False,False
Nespresso Coffee Capsules,0.03963963963963964,0.0,0.18461538461538463,False,False,False,False,False
Stok Coffee Shots,0.006486486486486486,0.02857142857142857,0.12307692307692308,False,False,False,False,False
Starbucks Bottled Iced Coffee,0.9999999999999999,0.6857142857142857,1.0,False,False,False,False,False
Baskin Robbins Cappuccino Blast,0.8558558558558558,1.0,0.72,False,False,False,False,False
Dunkin' Cold Brew,0.8558558558558558,0.014285714285714285,0.8,False,False,False,False,False
Dunkin' Donuts Iced Coffee,0.8558558558558558,0.05714285714285714,0.9138461538461539,False,False,False,False,False
Dunkin' Donuts Iced Latte,0.8558558558558558,0.2857142857142857,0.5107692307692308,False,False,False,False,False
Dutch Bros Coffee (Classic),0.7117117117117117,0.02857142857142857,0.5753846153846154,False,False,False,False,False
Tim Hortons Large Brewed Coffee,0.7117117117117117,0.014285714285714285,0.8307692307692308,False,False,False,False,False
7 Eleven Brewed Coffee,0.5675675675675675,0.014285714285714285,0.8615384615384616,False,False,False,False,False
Arby's Jamocha Shake,0.5675675675675675,1.0,0.03692307692307692,False,False,False,False,False
Biggby Brewed Coffee,0.5675675675675675,0.0,0.6153846153846154,False,False,False,False,False
Biggby Creamy Lattes,0.5675675675675675,1.0,0.3076923076923077,False,False,False,False,False
Biggby Iced Coffee,0.5675675675675675,0.0,0.47692307692307695,False,False,False,False,False
Caribou Brewed Coffee,0.5675675675675675,0.014285714285714285,0.9384615384615385,False,False,False,False,False
Coffee Bean & Tea leaf Coffee,0.5675675675675675,0.014285714285714285,1.0,False,False,False,False,False
Einstein Bros Coffee,0.5675675675675675,0.0,0.6338461538461538,False,False,False,False,False
Latte,0.5675675675675675,0.45714285714285713,0.47384615384615386,False,False,False,False,False
McDonalds (McCafe) Latte,0.5675675675675675,0.5428571428571428,0.4369230769230769,False,False,False,False,False
McDonalds (McCafe) Mocha,0.5675675675675675,1.0,0.5138461538461538,False,False,False,False,False
McDonalds Coffee,0.5675675675675675,0.0,0.4461538461538462,False,False,False,False,False
Panera Bread Coffee,0.5675675675675675,0.04285714285714286,0.5815384615384616,False,False,False,False,False
Peet's Brewed Coffee,0.5675675675675675,0.014285714285714285,0.8215384615384616,False,False,False,False,False
Peet's Caffe Americano,0.5675675675675675,0.02857142857142857,0.4307692307692308,False,False,False,False,False
Peet's Caffe Latte,0.5675675675675675,0.5428571428571428,0.4307692307692308,False,False,False,False,False
Peet's Caffe Mocha,0.5675675675675675,1.0,0.5076923076923077,False,False,False,False,False
Peet's Cappuccino,0.5675675675675675,0.4,0.4307692307692308,False,False,False,False,False
Peet's Iced Coffee,0.5675675675675675,0.0,0.46153846153846156,False,False,False,False,False
Peet's Iced Latte,0.5675675675675675,0.34285714285714286,0.4307692307692308,False,False,False,False,False
Peet's Iced Mocha,0.5675675675675675,0.8857142857142857,0.5076923076923077,False,False,False,False,False
Starbucks Caramel Macchiato,0.5675675675675675,0.7142857142857143,0.46153846153846156,False,False,False,False,False
Starbucks Cold Brew Coffee,0.5675675675675675,0.014285714285714285,0.6307692307692307,False,False,False,False,False
Starbucks Decaf Coffee,0.5675675675675675,0.0,0.07692307692307693,False,False,False,False,False
Starbucks Grande Caffe Americano,0.5675675675675675,0.04285714285714286,0.6923076923076923,False,False,False,False,False
Starbucks Grande Caffe Latte,0.5675675675675675,0.5428571428571428,0.46153846153846156,False,False,False,False,False
Starbucks Grande Caffe Mocha,0.5675675675675675,1.0,0.5384615384615384,False,False,False,False,False
Starbucks Grande Cappuccino,0.5675675675675675,0.4,0.46153846153846156,False,False,False,False,False
Starbucks Grande Coffee,0.5675675675675675,0.014285714285714285,0.9538461538461539,False,False,False,False,False
Starbucks Iced Americano,0.5675675675675675,0.04285714285714286,0.6923076923076923,False,False,False,False,False
Starbucks Nitro Cold Brew Coffee,0.5675675675675675,0.014285714285714285,0.8615384615384616,False,False,False,False,False
Starbucks Pink Drink,0.5675675675675675,0.4,0.13846153846153847,False,False,False,False,False
Starbucks Pumpkin Cream Cold Brew,0.5675675675675675,0.7142857142857143,0.5692307692307692,False,False,False,False,False
Starbucks Refreshers,0.5675675675675675,0.2,0.13846153846153847,False,False,False,False,False
Wawa Coffee,0.5675675675675675,0.011428571428571429,0.8923076923076924,False,False,False,False,False
Private Selection Canned Espresso,0.5315315315315315,0.6571428571428571,0.4461538461538462,False,False,False,False,False
Starbucks Doubleshot Energy,0.5315315315315315,0.6285714285714286,0.4153846153846154,False,False,False,False,False
Wide Awak Energy Coffee,0.5315315315315315,0.5428571428571428,0.5538461538461539,False,False,False,False,False
Chick-fil-A Frosted Coffee,0.49549549549549543,0.6857142857142857,0.4,False,False,False,False,False
Chick-fil-A Iced Coffee,0.49549549549549543,0.5428571428571428,0.24615384615384617,False,False,False,False,False
Dunkin' Donuts Brewed Coffee,0.49549549549549543,0.014285714285714285,0.6461538461538462,False,False,False,False,False
Dunkin' Donuts Dunkaccino,0.49549549549549543,1.0,0.2553846153846154,False,False,False,False,False
Dunkin' Donuts Extra Charged Coffee,0.49549549549549543,0.02857142857142857,0.7753846153846153,False,False,False,False,False
Dunkin' Donuts Latte,0.49549549549549543,0.2857142857142857,0.5107692307692308,False,False,False,False,False
Americano Coffee,0.4234234234234234,0.014285714285714285,0.47384615384615386,False,False,False,False,False
Big Train Java Chip Ice Coffee,0.4234234234234234,1.0,0.15076923076923077,False,False,False,False,False
Biohazard Coffee,0.4234234234234234,0.008571428571428572,1.0,False,False,False,False,False
Black Ink Coffee,0.4234234234234234,0.0,0.4430769230769231,False,False,False,False,False
Black Insomnia Coffee,0.4234234234234234,0.0,1.0,False,False,False,False,False
Black Label Brewed Coffee,0.4234234234234234,0.0,1.0,False,False,False,False,False
Cafe Bustelo,0.4234234234234234,0.0,0.46153846153846156,False,False,False,False,False
Caffe Mocha,0.4234234234234234,0.6828571428571428,0.4676923076923077,False,False,False,False,False
Caffe Nero Coffee,0.4234234234234234,0.014285714285714285,0.49230769230769234,False,False,False,False,False
Cannonball Coffee Maximum Charge (UK),0.4234234234234234,0.0,1.0,False,False,False,False,False
Cappuccino,0.4234234234234234,0.27714285714285714,0.47384615384615386,False,False,False,False,False
Death Wish Coffee,0.4234234234234234,0.0,1.0,False,False,False,False,False
Devils Brew Extreme Caffeine Coffee,0.4234234234234234,0.0,1.0,False,False,False,False,False
Flat White,0.4234234234234234,0.4857142857142857,0.4,False,False,False,False,False
GymBrew Coffee,0.4234234234234234,0.011428571428571429,1.0,False,False,False,False,False
High Voltage Coffee (AU),0.4234234234234234,0.0,1.0,False,False,False,False,False
International Delight Iced Coffee,0.4234234234234234,0.5142857142857142,0.27076923076923076,False,False,False,False,False
Seattle's Best Brewed Coffee,0.4234234234234234,0.02857142857142857,0.8,False,False,False,False,False
Starbucks Iced Espresso Classics,0.4234234234234234,0.5428571428571428,0.38461538461538464,False,False,False,False,False
Stipe Miocic Extra Strength Coffee,0.4234234234234234,0.0,1.0,False,False,False,False,False
Sudden Instant Coffee,0.4234234234234234,0.0,0.2923076923076923,False,False,False,False,False
Taft Coffee (EU),0.4234234234234234,0.0,1.0,False,False,False,False,False
Very Strong Coffee,0.4234234234234234,0.0,1.0,False,False,False,False,False
Chameleon Cold Brew With Milk,0.3873873873873873,0.2857142857142857,0.3076923076923077,False,False,False,False,False
Muscle Milk Coffee House,0.3873873873873873,0.37142857142857144,0.36923076923076925,False,False,False,False,False
SlimFast Shake - Cappuccino,0.3873873873873873,0.5142857142857142,0.3076923076923077,False,False,False,False,False
Starbucks Bottled Cold Brew,0.3873873873873873,0.14285714285714285,0.5538461538461539,False,False,False,False,False
Starbucks Canned Nitro Cold Brew,0.3873873873873873,0.0,0.7230769230769231,False,False,False,False,False
Starbucks Cold & Crafted,0.3873873873873873,0.14285714285714285,0.4153846153846154,False,False,False,False,False
Stumptown Nitro Cold Brew,0.3873873873873873,0.008571428571428572,1.0,False,False,False,False,False
Sunup Pure Green Coffee,0.3873873873873873,0.014285714285714285,0.6153846153846154,False,False,False,False,False
Wide Awake Coffee Cold Brew,0.3873873873873873,0.014285714285714285,0.36923076923076925,False,False,False,False,False
Chameleon Cold Brew RTD,0.3513513513513513,0.02857142857142857,0.7076923076923077,False,False,False,False,False
Chick-fil-A Brewed Coffee,0.3513513513513513,0.0,0.41846153846153844,False,False,False,False,False
CoolBrew Coffee,0.3513513513513513,0.0,0.18461538461538463,False,False,False,False,False
Tim Hortons Small French Vanilla Coffee,0.3513513513513513,0.0,0.18461538461538463,False,False,False,False,False
La Colombe Cold Brew,0.31531531531531526,0.014285714285714285,0.5538461538461539,False,False,False,False,False
La Colombe Draft Latte,0.31531531531531526,0.2571428571428571,0.36923076923076925,False,False,False,False,False
Alpine Start Instant Coffee,0.27927927927927926,0.0,0.36923076923076925,False,False,False,False,False
Bulletproof Coffee,0.27927927927927926,0.0,0.4461538461538462,False,False,False,False,False
Califia Farms Cold Brew Coffee,0.27927927927927926,0.02857142857142857,0.5538461538461539,False,False,False,False,False
CBD Coffee,0.27927927927927926,0.0,0.3076923076923077,False,False,False,False,False
Chameleon Cold Brew Coffee,0.27927927927927926,0.04285714285714286,0.6153846153846154,False,False,False,False,False
Coffee,0.27927927927927926,0.0,0.5015384615384615,False,False,False,False,False
"Coffee (Decaf, Instant)",0.27927927927927926,0.017142857142857144,0.006153846153846154,False,False,False,False,False
Coffee (Instant),0.27927927927927926,0.0,0.1753846153846154,False,False,False,False,False
Coffee Leaf Tea,0.27927927927927926,0.0,0.06153846153846154,False,False,False,False,False
Crio Bru Brewed Cacao,0.27927927927927926,0.05714285714285714,0.03076923076923077,False,False,False,False,False
Death Wish Canned Cold Brew,0.27927927927927926,0.04285714285714286,0.9230769230769231,False,False,False,False,False
Death Wish Latte,0.27927927927927926,0.4857142857142857,0.9230769230769231,False,False,False,False,False
Decaf Coffee,0.27927927927927926,0.005714285714285714,0.01846153846153846,False,False,False,False,False
Driftaway Coffee,0.27927927927927926,0.0,0.49230769230769234,False,False,False,False,False
Eight O'Clock Coffee,0.27927927927927926,0.0,0.3446153846153846,False,False,False,False,False
Folgers Coffee,0.27927927927927926,0.0,0.3446153846153846,False,False,False,False,False
Gold Peak Coffee,0.27927927927927926,0.014285714285714285,0.38769230769230767,False,False,False,False,False
Gothrider Gasoline Coffee,0.27927927927927926,0.0,0.6153846153846154,False,False,False,False,False
High Brew Coffee,0.27927927927927926,0.14285714285714285,0.4307692307692308,False,False,False,False,False
Indulgio Cappuccino,0.27927927927927926,0.2257142857142857,0.06153846153846154,False,False,False,False,False
K Cup Decaf,0.27927927927927926,0.0,0.012307692307692308,False,False,False,False,False
K-Cup Coffee,0.27927927927927926,0.0,0.3076923076923077,False,False,False,False,False
Maxwell House Coffee,0.27927927927927926,0.0,0.3446153846153846,False,False,False,False,False
Maxwell House Max Boost Coffee,0.27927927927927926,0.0,0.6030769230769231,False,False,False,False,False
Nescafe Dolce Gusto,0.27927927927927926,0.0,0.3261538461538461,False,False,False,False,False
Nescafe Ice Java,0.27927927927927926,0.14285714285714285,0.3076923076923077,False,False,False,False,False
Nescafe Ricoffy,0.27927927927927926,0.02857142857142857,0.01846153846153846,False,False,False,False,False
Nestle Milo,0.27927927927927926,0.22857142857142856,0.012307692307692308,False,False,False,False,False
Noocaf Smart Coffee,0.27927927927927926,0.0,0.49230769230769234,False,False,False,False,False
Ocean Spray Brew,0.27927927927927926,0.08571428571428572,0.12307692307692308,False,False,False,False,False
Purity Coffee,0.27927927927927926,0.0,0.5015384615384615,False,False,False,False,False
Revv Coffee Pods,0.27927927927927926,0.0,0.39076923076923076,False,False,False,False,False
Robusta Coffee,0.27927927927927926,0.0,0.8153846153846154,False,False,False,False,False
Starbucks 2X Coffee Pods,0.27927927927927926,0.0,0.8,False,False,False,False,False
Starbucks Cordusio Mocha,0.27927927927927926,0.37142857142857144,0.47692307692307695,False,False,False,False,False
Starbucks Verismo Coffee Pods,0.27927927927927926,0.0,0.18461538461538463,False,False,False,False,False
Starbucks Via Ready Brew,0.27927927927927926,0.0,0.4153846153846154,False,False,False,False,False
Steep 18 Cold Brew,0.27927927927927926,0.0,0.27692307692307694,False,False,False,False,False
Taster's Choice Instant Coffee,0.27927927927927926,0.0,0.30153846153846153,False,False,False,False,False
Voila Instant Coffee,0.27927927927927926,0.0,0.3076923076923077,False,False,False,False,False
Waka Decaf Instant Coffee,0.27927927927927926,0.0,0.012307692307692308,False,False,False,False,False
Waka Indian Instant Coffee,0.27927927927927926,0.0,0.2153846153846154,False,False,False,False,False
Waka Instant Coffee,0.27927927927927926,0.0,0.2153846153846154,False,False,False,False,False
Whipped (Dalgona) Coffee,0.27927927927927926,0.13714285714285715,0.3230769230769231,False,False,False,False,False
Mushroom Coffee,0.24324324324324323,0.014285714285714285,0.12307692307692308,False,False,False,False,False
Cafe Con Leche,0.2072072072072072,0.16,0.47384615384615386,False,False,False,False,False
Choffy (roasted cacao),0.2072072072072072,0.0,0.07076923076923076,False,False,False,False,False
COGO Caffeinated Hot Chocolate,0.2072072072072072,0.3142857142857143,0.30153846153846153,False,False,False,False,False
Dripdash Kyoto Coffee,0.2072072072072072,0.0,0.6923076923076923,False,False,False,False,False
Long Black,0.2072072072072072,0.005714285714285714,0.47384615384615386,False,False,False,False,False
Nescafe 3 in 1 Instant Coffee,0.2072072072072072,0.21142857142857144,0.15384615384615385,False,False,False,False,False
Gloria Jean's Coffee,0.06407207207207206,0.0,0.20615384615384616,False,False,False,False,False
Biggby Espresso,0.06306306306306306,0.0,0.3076923076923077,False,False,False,False,False
Greek Coffee (Metrios),0.06306306306306306,0.07142857142857142,0.15384615384615385,False,False,False,False,False
Turkish Coffee,0.06306306306306306,0.05714285714285714,0.15384615384615385,False,False,False,False,False
28 Black Energy Drink,0.2958558558558559,0.35714285714285715,0.24615384615384617,True,False,False,False,False
4 Purpose Energy Drink,0.2958558558558559,0.2,0.2153846153846154,True,False,False,False,False
BEEBAD Energy Drink,0.2958558558558559,0.3142857142857143,0.24615384615384617,True,False,False,False,False
Black Bruin Energy Drink,0.2958558558558559,0.3485714285714286,0.11692307692307692,True,False,False,False,False
Blu Frog Energy Drink,0.2958558558558559,0.2571428571428571,0.24615384615384617,True,False,False,False,False
Blue Bolt (UK),0.2958558558558559,0.32,0.24615384615384617,True,False,False,False,False
Blue Charge (UK),0.2958558558558559,0.14,0.24615384615384617,True,False,False,False,False
Blue Spark (UK),0.2958558558558559,0.16,0.23076923076923078,True,False,False,False,False
Bomb Energy Drink,0.2958558558558559,0.0,0.24615384615384617,True,False,False,False,False
Boost Energy (UK),0.2958558558558559,0.1657142857142857,0.24615384615384617,True,False,False,False,False
Euro Shopper Energy Drink (EU),0.2958558558558559,0.32857142857142857,0.24615384615384617,True,False,False,False,False
Hell Energy Drink (EU),0.2958558558558559,0.32857142857142857,0.24615384615384617,True,False,False,False,False
Hype Energy Drink (EU),0.2958558558558559,0.30857142857142855,0.24615384615384617,True,False,False,False,False
M-150 Energy Drink,0.2958558558558559,0.44285714285714284,0.24615384615384617,True,False,False,False,False
Pure Cofain 699 (EU),0.2958558558558559,0.4228571428571429,0.5384615384615384,True,False,False,False,False
Red Bull,0.2958558558558559,0.3342857142857143,0.24615384615384617,True,False,False,False,False
Red Bull Editions,0.2958558558558559,0.32285714285714284,0.24615384615384617,True,False,False,False,False
Red Bull Sugarfree,0.2958558558558559,0.02857142857142857,0.24615384615384617,True,False,False,False,False
Red Bull Zero,0.2958558558558559,0.0,0.24615384615384617,True,False,False,False,False
Scheckters Energy Drink,0.2958558558558559,0.22285714285714286,0.24615384615384617,True,False,False,False,False
Slammers Energy Drink (EU),0.2958558558558559,0.3485714285714286,0.24615384615384617,True,False,False,False,False
Source 1899 (UK),0.2958558558558559,0.1657142857142857,0.24615384615384617,True,False,False,False,False
Taurus Energy Drink,0.2958558558558559,0.5142857142857142,0.15384615384615385,True,False,False,False,False
TENZING Natural Energy,0.2958558558558559,0.14285714285714285,0.24615384615384617,True,False,False,False,False
Tiger Energy Drink,0.2958558558558559,0.0,0.24615384615384617,True,False,False,False,False
Tweaker Energy Drink,0.2958558558558559,0.3142857142857143,0.24615384615384617,True,False,False,False,False
Virtue Clean Energy Beverage,0.2958558558558559,0.022857142857142857,0.24615384615384617,True,False,False,False,False
Wildcat Energy Drink (UK),0.2958558558558559,0.32857142857142857,0.24615384615384617,True,False,False,False,False
X Ray Energy Drink,0.2958558558558559,0.35714285714285715,0.24307692307692308,True,False,False,False,False
OK Energy Drink,0.2954954954954955,0.32285714285714284,0.24615384615384617,True,False,False,False,False
Power Horse Energy Drink (EU),0.2954954954954955,0.35714285714285715,0.24615384615384617,True,False,False,False,False
V Energy Drink,0.2954954954954955,0.3314285714285714,0.24,True,False,False,False,False
XL Energy Drink (EU),0.2954954954954955,0.33714285714285713,0.24615384615384617,True,False,False,False,False
Crave Energy Drink (UK),0.29477477477477476,0.02857142857142857,0.24615384615384617,True,False,False,False,False
Bomba (EU),0.29369369369369364,0.3514285714285714,0.24615384615384617,True,False,False,False,False
Cintron Energy Drink,0.29369369369369364,0.17142857142857143,0.26153846153846155,True,False,False,False,False
Dutch Bros Blue Rebel Energy Drink,0.29369369369369364,0.3314285714285714,0.24615384615384617,True,False,False,False,False
XS Energy Drink,0.29369369369369364,0.02857142857142857,0.24615384615384617,True,False,False,False,False
Wild Tiger Energy Drink,0.29225225225225226,0.35714285714285715,0.23076923076923078,True,False,False,False,False
Liquid Ice Energy Drink,0.29009009009009007,0.34285714285714286,0.24615384615384617,True,False,False,False,False
Rush! Energy Drink,0.29009009009009007,0.34285714285714286,0.24615384615384617,True,False,False,False,False
Monster Hydro,0.9063063063063062,0.42857142857142855,0.5784615384615385,True,False,False,False,False
Monster Import,0.6612612612612612,0.5428571428571428,0.5507692307692308,True,False,False,False,False
Moose Juice Energy Drink,0.6014414414414414,0.0,0.6153846153846154,True,False,False,False,False
Club Mate (EU),0.6003603603603603,0.45714285714285713,0.3076923076923077,True,False,False,False,False
Demon Energy Drink,0.6003603603603603,0.7228571428571429,0.49230769230769234,True,False,False,False,False
LevlUp Gaming Booster,0.6003603603603603,0.022857142857142857,0.7692307692307693,True,False,False,False,False
Monster Ripper Energy Juice (UK),0.6003603603603603,0.5285714285714286,0.49230769230769234,True,False,False,False,False
Monster The Doctor VR46 (UK),0.6003603603603603,0.6257142857142857,0.49230769230769234,True,False,False,False,False
Mother Energy Drink,0.6003603603603603,0.6514285714285715,0.49230769230769234,True,False,False,False,False
Protein2O + Energy,0.6003603603603603,0.2,0.38461538461538464,True,False,False,False,False
Strike Force Energy Drink Mix,0.6003603603603603,0.0,0.49230769230769234,True,False,False,False,False
4C Energy Drink Mix,0.6,0.04285714285714286,0.5230769230769231,True,False,False,False,False
Arizona Arnold Palmer Half and Half,0.6,0.5142857142857142,0.046153846153846156,True,False,False,False,False
Gatorade Bolt 24 Energize,0.6,0.11428571428571428,0.23076923076923078,True,False,False,False,False
Live+ Energy Drink,0.6,0.6485714285714286,0.46153846153846156,True,False,False,False,False
Pure Kick Energy Drink Mix,0.6,0.02857142857142857,0.24615384615384617,True,False,False,False,False
Monster Dragon Tea,0.5495495495495495,0.11428571428571428,0.47692307692307695,True,False,False,False,False
Monster Rehab,0.5495495495495495,0.07142857142857142,0.5230769230769231,True,False,False,False,False
Neuro Sonic,0.5135135135135135,0.1,0.3076923076923077,True,False,False,False,False
Lucozade,0.454054054054054,0.38,0.14153846153846153,True,False,False,False,False
Fakeer Energy Drink (EU),0.44216216216216214,0.4228571428571429,0.3630769230769231,True,False,False,False,False
Arizona Energy Drink Rx,0.4054054054054054,0.37142857142857144,0.39076923076923076,True,False,False,False,False
Bai Boost,0.4043243243243243,0.02857142857142857,0.3384615384615385,True,False,False,False,False
NOCCO Energy Drink (EU),0.3935135135135135,0.0,0.5538461538461539,True,False,False,False,False
Carabao Energy Drink (UK),0.39315315315315313,0.18,0.3261538461538461,True,False,False,False,False
Irn Bru (UK),0.39315315315315313,0.18571428571428572,0.09230769230769231,True,False,False,False,False
Soylent Stacked,0.39315315315315313,0.5142857142857142,0.3076923076923077,True,False,False,False,False
Red Eye Energy Drink,0.39099099099099094,0.4257142857142857,0.3261538461538461,True,False,False,False,False
Mega Monster Energy Drink,0.8558558558558558,0.9142857142857143,0.7384615384615385,True,False,False,False,False
Amino Force Energy Drink,0.7837837837837837,0.0,0.6153846153846154,True,False,False,False,False
Bodyarmour Edge,0.7117117117117117,0.5142857142857142,0.3076923076923077,True,False,False,False,False
SoBe Energy Citrus,0.7117117117117117,0.7142857142857143,0.24923076923076923,True,False,False,False,False
ABB Turbo Tea Zero,0.6396396396396395,0.0,0.36923076923076925,True,False,False,False,False
Bai Antioxidant Infusion,0.6396396396396395,0.02857142857142857,0.16923076923076924,True,False,False,False,False
Viso Energy Drink,0.6036036036036035,0.4,0.9230769230769231,True,False,False,False,False
3D Energy Drink,0.5675675675675675,0.04285714285714286,0.6153846153846154,True,False,False,False,False
Adrenaline Shoc,0.5675675675675675,0.02857142857142857,0.9230769230769231,True,False,False,False,False
Alsa Energy Drink Mix,0.5675675675675675,0.08571428571428572,0.3076923076923077,True,False,False,False,False
Bang Energy,0.5675675675675675,0.0,0.9230769230769231,True,False,False,False,False
Bang Keto Coffee,0.5675675675675675,0.37142857142857144,0.9230769230769231,True,False,False,False,False
Bang Natural,0.5675675675675675,0.0,0.7692307692307693,True,False,False,False,False
Bang Sweet Tea,0.5675675675675675,0.0,0.9230769230769231,True,False,False,False,False
Beaver Buzz Energy Drink,0.5675675675675675,0.6857142857142857,0.5476923076923077,True,False,False,False,False
Berzerk Energy Drink Mix,0.5675675675675675,0.014285714285714285,0.6153846153846154,True,False,False,False,False
C4 Energy Drink,0.5675675675675675,0.0,0.6153846153846154,True,False,False,False,False
C4 Smart Energy Drink,0.5675675675675675,0.0,0.6153846153846154,True,False,False,False,False
C4 Ultimate Energy Drink,0.5675675675675675,0.0,0.9230769230769231,True,False,False,False,False
Celsius Heat Energy Drink,0.5675675675675675,0.04285714285714286,0.9230769230769231,True,False,False,False,False
Crunk Energy Drink,0.5675675675675675,0.5714285714285714,0.5907692307692307,True,False,False,False,False
Crystal Light Energy Mix,0.5675675675675675,0.02857142857142857,0.18461538461538463,True,False,False,False,False
Electric Monkey Wild Energy Drink,0.5675675675675675,0.6285714285714286,0.49230769230769234,True,False,False,False,False
Full Throttle Energy Drink,0.5675675675675675,0.6285714285714286,0.49230769230769234,True,False,False,False,False
GFuel Cans,0.5675675675675675,0.0,0.9230769230769231,True,False,False,False,False
GFuel Energy Drink Mix,0.5675675675675675,0.04285714285714286,0.4307692307692308,True,False,False,False,False
Go Fast Energy Drink,0.5675675675675675,0.5714285714285714,0.49230769230769234,True,False,False,False,False
Go Fast High Octane Energy Drink,0.5675675675675675,0.0,0.9230769230769231,True,False,False,False,False
Great Value Energy Drink Mix,0.5675675675675675,0.02857142857142857,0.36923076923076925,True,False,False,False,False
Gridlock Energy Drink,0.5675675675675675,0.5714285714285714,0.4307692307692308,True,False,False,False,False
Hi Ball Energy Drink,0.5675675675675675,0.0,0.49230769230769234,True,False,False,False,False
Joker Mad Energy,0.5675675675675675,0.7428571428571429,0.49230769230769234,True,False,False,False,False
Liquid Help Energy Drink,0.5675675675675675,0.0,0.9230769230769231,True,False,False,False,False
Loud Energy Drink,0.5675675675675675,0.02857142857142857,0.9846153846153847,True,False,False,False,False
Monster Assault,0.5675675675675675,0.6,0.49230769230769234,True,False,False,False,False
Monster Energy,0.5675675675675675,0.6,0.49230769230769234,True,False,False,False,False
Monster Juice,0.5675675675675675,0.45714285714285713,0.49230769230769234,True,False,False,False,False
Monster Lo-Carb,0.5675675675675675,0.08571428571428572,0.4307692307692308,True,False,False,False,False
Monster Mango Loco,0.5675675675675675,0.6857142857142857,0.4676923076923077,True,False,False,False,False
Monster Mule,0.5675675675675675,0.6,0.49230769230769234,True,False,False,False,False
Monster Pipeline Punch,0.5675675675675675,0.5428571428571428,0.49230769230769234,True,False,False,False,False
Monster Ultra,0.5675675675675675,0.02857142857142857,0.46153846153846156,True,False,False,False,False
Monster Zero Sugar,0.5675675675675675,0.02857142857142857,0.4307692307692308,True,False,False,False,False
Mountain Dew Amp,0.5675675675675675,0.6285714285714286,0.4369230769230769,True,False,False,False,False
Mountain Dew Game Fuel,0.5675675675675675,0.2571428571428571,0.27692307692307694,True,False,False,False,False
Mountain Dew Rise,0.5675675675675675,0.07142857142857142,0.5538461538461539,True,False,False,False,False
NOS Energy Drink,0.5675675675675675,0.5714285714285714,0.49230769230769234,True,False,False,False,False
Nuun Sport,0.5675675675675675,0.04285714285714286,0.12307692307692308,True,False,False,False,False
Propel Zero Powder,0.5675675675675675,0.0,0.0,True,False,False,False,False
Pure Boost Energy Drink Mix,0.5675675675675675,0.07142857142857142,0.3076923076923077,True,False,False,False,False
Quake Energy Berry Blast Slurpee,0.5675675675675675,0.014285714285714285,0.28307692307692306,True,False,False,False,False
Quake Energy Drink,0.5675675675675675,0.0,0.7692307692307693,True,False,False,False,False
Raze Energy Drink,0.5675675675675675,0.0,0.9230769230769231,True,False,False,False,False
Reign Total Body Fuel,0.5675675675675675,0.0,0.9230769230769231,True,False,False,False,False
Rip It Energy Drink,0.5675675675675675,0.7428571428571429,0.49230769230769234,True,False,False,False,False
Rockstar Boom,0.5675675675675675,0.8,0.49230769230769234,True,False,False,False,False
Rockstar Energy Drink (Original),0.5675675675675675,0.7142857142857143,0.49230769230769234,True,False,False,False,False
Rockstar Halo Infinite,0.5675675675675675,0.7142857142857143,0.7384615384615385,True,False,False,False,False
Rockstar Juiced,0.5675675675675675,0.08571428571428572,0.5230769230769231,True,False,False,False,False
Rockstar Punched,0.5675675675675675,0.7428571428571429,0.7384615384615385,True,False,False,False,False
Rockstar Pure Zero,0.5675675675675675,0.05714285714285714,0.7384615384615385,True,False,False,False,False
Rockstar Recovery,0.5675675675675675,0.07142857142857142,0.49230769230769234,True,False,False,False,False
Rockstar Sugar Free,0.5675675675675675,0.07142857142857142,0.49230769230769234,True,False,False,False,False
Rockstar Thermo,0.5675675675675675,0.0,0.9230769230769231,True,False,False,False,False
Rockstar XDurance,0.5675675675675675,0.02857142857142857,0.9230769230769231,True,False,False,False,False
Rockstar Zero Carb,0.5675675675675675,0.07142857142857142,0.7384615384615385,True,False,False,False,False
Rogue Energy Drink Mix,0.5675675675675675,0.014285714285714285,0.5384615384615384,True,False,False,False,False
Rowdy Energy Drink,0.5675675675675675,0.014285714285714285,0.49230769230769234,True,False,False,False,False
Sneak Energy Drink Mix,0.5675675675675675,0.03428571428571429,0.46153846153846156,True,False,False,False,False
Solimo Energy Drink,0.5675675675675675,0.02857142857142857,0.4676923076923077,True,False,False,False,False
Speed Energy Fuel,0.5675675675675675,0.6857142857142857,0.5723076923076923,True,False,False,False,False
Spider Energy Drink,0.5675675675675675,0.34285714285714286,0.7384615384615385,True,False,False,False,False
Spike Hardcore Energy,0.5675675675675675,0.0,1.0,True,False,False,False,False
Triton Energy Drink,0.5675675675675675,0.04285714285714286,0.6153846153846154,True,False,False,False,False
True Lemon Energy Mix,0.5675675675675675,0.0,0.36923076923076925,True,False,False,False,False
Ugly Energy Water,0.5675675675675675,0.0,0.49230769230769234,True,False,False,False,False
Venom Death Adder,0.5675675675675675,0.45714285714285713,0.49230769230769234,True,False,False,False,False
Wired X 3000 Energy Drink,0.5675675675675675,0.6285714285714286,0.5692307692307692,True,False,False,False,False
Wired X Berry Rush,0.5675675675675675,0.6285714285714286,0.2923076923076923,True,False,False,False,False
Wired X344 Energy Drink,0.5675675675675675,0.6285714285714286,1.0,True,False,False,False,False
Xyience Energy Drink,0.5675675675675675,0.04285714285714286,0.49230769230769234,True,False,False,False,False
ZipFizz Energy Drink Mix,0.5675675675675675,0.05714285714285714,0.3076923076923077,True,False,False,False,False
Zoa Energy Drink,0.5675675675675675,0.2857142857142857,0.49230769230769234,True,False,False,False,False
Java Monster,0.5315315315315315,0.6285714285714286,0.6153846153846154,True,False,False,False,False
Java Monster 300,0.5315315315315315,0.5714285714285714,0.9230769230769231,True,False,False,False,False
Muscle Monster,0.5315315315315315,0.5142857142857142,0.48307692307692307,True,False,False,False,False
Rockstar Organic Energy Drink,0.5315315315315315,0.5142857142857142,0.49230769230769234,True,False,False,False,False
Starbucks Triple Shot Energy,0.5315315315315315,0.6,0.6923076923076923,True,False,False,False,False
Alani Nu Energy Drink,0.4234234234234234,0.02857142857142857,0.6153846153846154,True,False,False,False,False
ALL IN Energy Drink,0.4234234234234234,0.07142857142857142,0.23076923076923078,True,False,False,False,False
AXIO Energy Drink Mix,0.4234234234234234,0.0,0.3076923076923077,True,False,False,False,False
Bing Energy Drink,0.4234234234234234,0.11428571428571428,0.36923076923076925,True,False,False,False,False
BreinFuel,0.4234234234234234,0.3142857142857143,1.0,True,False,False,False,False
Burn Energy Drink,0.4234234234234234,0.4657142857142857,0.3446153846153846,True,False,False,False,False
C4 On The Go,0.4234234234234234,0.0,0.6153846153846154,True,False,False,False,False
Celsius Energy Drink,0.4234234234234234,0.02857142857142857,0.6153846153846154,True,False,False,False,False
Celsius Stevia,0.4234234234234234,0.04285714285714286,0.6153846153846154,True,False,False,False,False
Coca-Cola Cherry Vanilla,0.4234234234234234,0.4,0.10461538461538461,True,False,False,False,False
Coca-Cola Energy,0.4234234234234234,0.4,0.3507692307692308,True,False,False,False,False
Cocaine Energy Drink,0.4234234234234234,0.2571428571428571,0.8615384615384616,True,False,False,False,False
Dark Dog Organic Energy,0.4234234234234234,0.3142857142857143,0.3507692307692308,True,False,False,False,False
Duff Energy Drink,0.4234234234234234,0.4857142857142857,0.36923076923076925,True,False,False,False,False
EBOOST Super Fuel,0.4234234234234234,0.05714285714285714,0.3384615384615385,True,False,False,False,False
EnerBee Energy Drink,0.4234234234234234,0.22857142857142856,0.3076923076923077,True,False,False,False,False
Go Girl Energy Drink,0.4234234234234234,0.07142857142857142,0.3076923076923077,True,False,False,False,False
GURU Energy Drink,0.4234234234234234,0.32857142857142857,0.4307692307692308,True,False,False,False,False
Hyde Xtreme,0.4234234234234234,0.0,1.0,True,False,False,False,False
Java Kick Coffee Cola,0.4234234234234234,0.37142857142857144,0.3076923076923077,True,False,False,False,False
Kill Cliff Energy X Recover,0.4234234234234234,0.05714285714285714,0.07692307692307693,True,False,False,False,False
Kill Cliff Ignite,0.4234234234234234,0.07142857142857142,0.46153846153846156,True,False,False,False,False
Kona Gold Energy Drink,0.4234234234234234,0.42857142857142855,0.35384615384615387,True,False,False,False,False
Marquis Energy Drink,0.4234234234234234,0.0,0.3076923076923077,True,False,False,False,False
MATI Energy Drink,0.4234234234234234,0.2571428571428571,0.3384615384615385,True,False,False,False,False
Meltdown Ketone Drink,0.4234234234234234,0.05142857142857143,0.6923076923076923,True,False,False,False,False
Monster Maxx,0.4234234234234234,0.45714285714285713,0.6153846153846154,True,False,False,False,False
Nerd Focus,0.4234234234234234,0.4857142857142857,0.39384615384615385,True,False,False,False,False
Octane Energy Drink Mix,0.4234234234234234,0.07142857142857142,0.6923076923076923,True,False,False,False,False
Red Power Elixir,0.4234234234234234,0.45714285714285713,0.49230769230769234,True,False,False,False,False
Red Thunder Energy Drink,0.4234234234234234,0.44571428571428573,0.36923076923076925,True,False,False,False,False
RootJack Caffeinated Pirate Root Beer,0.4234234234234234,0.5714285714285714,0.36923076923076925,True,False,False,False,False
Runa,0.4234234234234234,0.0,0.46153846153846156,True,False,False,False,False
Sambazon Amazon Energy Drink,0.4234234234234234,0.34285714285714286,0.36923076923076925,True,False,False,False,False
Spike Shooter,0.4234234234234234,0.02857142857142857,0.9230769230769231,True,False,False,False,False
Steaz Energy,0.4234234234234234,0.4,0.3076923076923077,True,False,False,False,False
T-Virus Antidote,0.4234234234234234,0.45714285714285713,0.3076923076923077,True,False,False,False,False
Tru Energy Wakeup,0.4234234234234234,0.02857142857142857,0.3076923076923077,True,False,False,False,False
UPTIME Energy Drink,0.4234234234234234,0.42857142857142855,0.4369230769230769,True,False,False,False,False
USANA Rev3 Energy Drink,0.4234234234234234,0.3,0.36923076923076925,True,False,False,False,False
Xtreme Shock Energy Drink,0.4234234234234234,0.05714285714285714,0.6153846153846154,True,False,False,False,False
Zest Sparkling Tea,0.4234234234234234,0.17142857142857143,0.4153846153846154,True,False,False,False,False
Zevia Energy Drink,0.4234234234234234,0.0,0.36923076923076925,True,False,False,False,False
Cran Energy Juice,0.3513513513513513,0.11428571428571428,0.2153846153846154,True,False,False,False,False
Mamma Chia Energy,0.3513513513513513,0.3142857142857143,0.27692307692307694,True,False,False,False,False
Oikos Pro Fuel,0.3513513513513513,0.37142857142857144,0.3076923076923077,True,False,False,False,False
Advocare Slim,0.27927927927927926,0.0,0.36923076923076925,True,False,False,False,False
Arbonne Energy Fizz Stck,0.27927927927927926,0.04285714285714286,0.16923076923076924,True,False,False,False,False
Berocca,0.27927927927927926,0.014285714285714285,0.27692307692307694,True,False,False,False,False
Best Choice Strawberry Energy Drink Mix,0.27927927927927926,0.014285714285714285,0.36923076923076925,True,False,False,False,False
EBOOST Energy Drink Mix,0.27927927927927926,0.014285714285714285,0.3384615384615385,True,False,False,False,False
EBOOST Workout Crusher Mix,0.27927927927927926,0.11428571428571428,0.5384615384615384,True,False,False,False,False
Great Value Energy Drink Enhancers,0.27927927927927926,0.0,0.15384615384615385,True,False,False,False,False
Kin Spritz,0.27927927927927926,0.07142857142857142,0.15384615384615385,True,False,False,False,False
LYFT Energy Mix,0.27927927927927926,0.011428571428571429,0.38461538461538464,True,False,False,False,False
PerformElite Pre-Workout,0.27927927927927926,0.0,0.6923076923076923,True,False,False,False,False
Perk Energy Beverage,0.27927927927927926,0.2571428571428571,0.3076923076923077,True,False,False,False,False
Redline Princess,0.27927927927927926,0.0,0.9230769230769231,True,False,False,False,False
Redline Xtreme Energy Drink,0.27927927927927926,0.0,0.9723076923076923,True,False,False,False,False
Roaring Lion Energy Drink,0.27927927927927926,0.2857142857142857,0.23692307692307693,True,False,False,False,False
Spark Energy Drink Mix,0.27927927927927926,0.04285714285714286,0.36923076923076925,True,False,False,False,False
V8 +Energy Drink,0.27927927927927926,0.4,0.24615384615384617,True,False,False,False,False
Spike Energy Double Shot,0.1445045045045045,0.0,1.0,False,True,False,False,False
Zombie Blood Energy Potion,0.11351351351351349,0.07142857142857142,0.24615384615384617,False,True,False,False,False
Proper Wild Energy Shot,0.08108108108108107,0.07142857142857142,0.5538461538461539,False,True,False,False,False
Redline Max 300,0.08108108108108107,0.0,0.9230769230769231,False,True,False,False,False
5 Hour Energy,0.06054054054054054,0.011428571428571429,0.6153846153846154,False,True,False,False,False
5 Hour Energy Extra Strength,0.06054054054054054,0.0,0.7076923076923077,False,True,False,False,False
E6 Energy Shot,0.06054054054054054,0.0,0.7230769230769231,False,True,False,False,False
Eternal Energy Extra Strength,0.06054054054054054,0.0,0.8615384615384616,False,True,False,False,False
Eternal Energy Shot,0.06054054054054054,0.0,0.7076923076923077,False,True,False,False,False
Woke Up Energy Shot,0.06054054054054054,0.0,0.6923076923076923,False,True,False,False,False
Equip Pure Energy Shot,0.05585585585585586,0.1,0.3076923076923077,False,True,False,False,False
Mana Energy Potion,0.051891891891891896,0.07142857142857142,0.23076923076923078,False,True,False,False,False
Clif Shot Energy Gel,0.03423423423423423,0.2857142857142857,0.3076923076923077,False,True,False,False,False
Screamin Energy Max Hit,0.012972972972972974,0.11428571428571428,0.5692307692307692,False,True,False,False,False
Vital 4U Liquid Energy,0.009009009009009009,0.09714285714285714,0.47692307692307695,False,True,False,False,False
Kaffn8 Liquified Caffeine,0.0,0.0,0.23076923076923078,False,True,False,False,False
Bang Shot,0.09909909909909909,0.0,0.9230769230769231,False,True,False,False,False
Redline Xtreme Shot,0.09909909909909909,0.014285714285714285,0.9230769230769231,False,True,False,False,False
7-Eleven Energy Shot,0.06306306306306306,0.0,0.8,False,True,False,False,False
Advocare Slam Energy Shot,0.06306306306306306,0.02857142857142857,0.36923076923076925,False,True,False,False,False
Balance Active Shot,0.06306306306306306,0.22857142857142856,0.3076923076923077,False,True,False,False,False
Balance Energy Shot,0.06306306306306306,0.22,0.46153846153846156,False,True,False,False,False
Forto Organic Coffee Shot,0.06306306306306306,0.1,0.6923076923076923,False,True,False,False,False
Kirkland Energy Shot,0.06306306306306306,0.014285714285714285,0.5538461538461539,False,True,False,False,False
Neu Nootropic Shot,0.06306306306306306,0.0,1.0,False,True,False,False,False
Nutramint Smart Serum,0.06306306306306306,0.12857142857142856,0.6153846153846154,False,True,False,False,False
Performance Caffeine,0.06306306306306306,0.0,0.5538461538461539,False,True,False,False,False
Phoenix Energy Shot,0.06306306306306306,0.0,0.8615384615384616,False,True,False,False,False
Red Thunder Energy Shot,0.06306306306306306,0.0,0.4246153846153846,False,True,False,False,False
Red Thunder Extra Strength,0.06306306306306306,0.0,0.7076923076923077,False,True,False,False,False
Reed's Ginger Energize Shot,0.06306306306306306,0.06857142857142857,0.3076923076923077,False,True,False,False,False
Rip It Energy Shot,0.06306306306306306,0.0,0.36923076923076925,False,True,False,False,False
Stacker Extreme Energy Shot,0.06306306306306306,0.0,0.6307692307692307,False,True,False,False,False
Tweaker Shot,0.06306306306306306,0.0,0.8461538461538461,False,True,False,False,False
TruBrain Extra,0.02702702702702703,0.07142857142857142,0.3076923076923077,False,True,False,False,False
X-Mode Energy Shot,0.02702702702702703,0.0,0.46153846153846156,False,True,False,False,False
Red Bull Simply Cola,0.2958558558558559,0.0,0.09846153846153846,False,False,True,False,False
Afri Cola,0.39315315315315313,0.39714285714285713,0.2553846153846154,False,False,True,False,False
Fritz Kola (EU),0.39315315315315313,0.38571428571428573,0.2553846153846154,False,False,True,False,False
Pepsi Max (UK),0.39315315315315313,0.0,0.13230769230769232,False,False,True,False,False
Premium Cola (EU),0.39315315315315313,0.37714285714285717,0.2553846153846154,False,False,True,False,False
Tropicana Twister Soda,0.7117117117117117,0.9142857142857143,0.0,False,False,True,False,False
Bawls,0.5675675675675675,0.5428571428571428,0.31384615384615383,False,False,True,False,False
Mountain Dew Kickstart,0.5675675675675675,0.22857142857142856,0.27692307692307694,False,False,True,False,False
Sprecher Cherry Cola,0.5675675675675675,0.6857142857142857,0.0,False,False,True,False,False
7-Up,0.4234234234234234,0.4,0.0,False,False,True,False,False
A&W Cream Soda,0.4234234234234234,0.4857142857142857,0.0,False,False,True,False,False
A&W Root Beer,0.4234234234234234,0.4857142857142857,0.0,False,False,True,False,False
A&W Zero Sugar Cream Soda,0.4234234234234234,0.0,0.0,False,False,True,False,False
Ale 8 1,0.4234234234234234,0.34285714285714286,0.11384615384615385,False,False,True,False,False
Barqs Red Creme Soda,0.4234234234234234,0.4857142857142857,0.0,False,False,True,False,False
Barqs Root Beer,0.4234234234234234,0.45714285714285713,0.06769230769230769,False,False,True,False,False
Big Red Soda,0.4234234234234234,0.42857142857142855,0.10461538461538461,False,False,True,False,False
Canada Dry Green Tea Ginger Ale,0.4234234234234234,0.4,0.027692307692307693,False,False,True,False,False
Cheerwine,0.4234234234234234,0.42857142857142855,0.14461538461538462,False,False,True,False,False
Coca-Cola Caffeine Free,0.4234234234234234,0.4,0.0,False,False,True,False,False
Coca-Cola Cherry,0.4234234234234234,0.42857142857142855,0.10461538461538461,False,False,True,False,False
Coca-Cola Cherry Zero Sugar,0.4234234234234234,0.0,0.10461538461538461,False,False,True,False,False
Coca-Cola Classic,0.4234234234234234,0.4,0.10461538461538461,False,False,True,False,False
Coca-Cola Orange Vanilla,0.4234234234234234,0.4,0.10461538461538461,False,False,True,False,False
Coca-Cola Vanilla,0.4234234234234234,0.42857142857142855,0.10461538461538461,False,False,True,False,False
Coca-Cola Vanilla Zero Sugar,0.4234234234234234,0.0,0.10461538461538461,False,False,True,False,False
Coca-Cola With Coffee,0.4234234234234234,0.2,0.2123076923076923,False,False,True,False,False
Coca-Cola Zero Sugar,0.4234234234234234,0.0,0.10461538461538461,False,False,True,False,False
Diet Barqs Root Beer,0.4234234234234234,0.0,0.0,False,False,True,False,False
Diet Cheerwine,0.4234234234234234,0.0,0.14461538461538462,False,False,True,False,False
Diet Coke,0.4234234234234234,0.0,0.14153846153846153,False,False,True,False,False
Diet Coke with Splenda,0.4234234234234234,0.0,0.14153846153846153,False,False,True,False,False
Diet Dr Pepper,0.4234234234234234,0.0,0.12615384615384614,False,False,True,False,False
Diet Mountain Dew,0.4234234234234234,0.0,0.16615384615384615,False,False,True,False,False
Diet Pepsi,0.4234234234234234,0.0,0.1076923076923077,False,False,True,False,False
Diet RC Cola,0.4234234234234234,0.0,0.14769230769230768,False,False,True,False,False
Diet Wild Cherry Pepsi,0.4234234234234234,0.0,0.11692307692307692,False,False,True,False,False
doc Soda,0.4234234234234234,0.42857142857142855,0.18461538461538463,False,False,True,False,False
Double Cola,0.4234234234234234,0.45714285714285713,0.11076923076923077,False,False,True,False,False
Dr Pepper,0.4234234234234234,0.42857142857142855,0.12923076923076923,False,False,True,False,False
Dr Pepper 10,0.4234234234234234,0.02857142857142857,0.15692307692307692,False,False,True,False,False
Dr Shasta Soda,0.4234234234234234,0.0,0.08923076923076922,False,False,True,False,False
Fanta,0.4234234234234234,0.45714285714285713,0.0,False,False,True,False,False
Faygo Cola,0.4234234234234234,0.4714285714285714,0.13230769230769232,False,False,True,False,False
Faygo Moon Mist,0.4234234234234234,0.42857142857142855,0.06153846153846154,False,False,True,False,False
Fresca,0.4234234234234234,0.0,0.0,False,False,True,False,False
Ginger Ale,0.4234234234234234,0.4,0.0,False,False,True,False,False
Green Cola,0.4234234234234234,0.0,0.11384615384615385,False,False,True,False,False
IBC Root Beer,0.4234234234234234,0.45714285714285713,0.0,False,False,True,False,False
Inca Kola,0.4234234234234234,0.4,0.11692307692307692,False,False,True,False,False
Kickapoo Soda: Joy Juice & Fruit Shine,0.4234234234234234,0.5428571428571428,0.12307692307692308,False,False,True,False,False
Mello Yello,0.4234234234234234,0.4857142857142857,0.15692307692307692,False,False,True,False,False
Mountain Dew,0.4234234234234234,0.4857142857142857,0.16615384615384615,False,False,True,False,False
Mountain Dew Baja Blast,0.4234234234234234,0.4857142857142857,0.16615384615384615,False,False,True,False,False
Mountain Dew Code Red,0.4234234234234234,0.4857142857142857,0.16615384615384615,False,False,True,False,False
Mountain Dew Live Wire,0.4234234234234234,0.5142857142857142,0.16615384615384615,False,False,True,False,False
Mountain Dew Major Melon,0.4234234234234234,0.45714285714285713,0.16923076923076924,False,False,True,False,False
Mountain Dew Voltage,0.4234234234234234,0.4857142857142857,0.16923076923076924,False,False,True,False,False
Mountain Dew Zero Sugar,0.4234234234234234,0.0,0.20923076923076922,False,False,True,False,False
Moxie Soda,0.4234234234234234,0.4,0.07384615384615384,False,False,True,False,False
Mug Root Beer,0.4234234234234234,0.45714285714285713,0.0,False,False,True,False,False
Orange Crush,0.4234234234234234,0.45714285714285713,0.0,False,False,True,False,False
PC Cola,0.4234234234234234,0.42857142857142855,0.03692307692307692,False,False,True,False,False
PC Cola Diet,0.4234234234234234,0.0,0.04,False,False,True,False,False
Pepsi,0.4234234234234234,0.42857142857142855,0.11692307692307692,False,False,True,False,False
Pepsi Caffeine Free,0.4234234234234234,0.42857142857142855,0.0,False,False,True,False,False
Pepsi Made With Sugar,0.4234234234234234,0.42857142857142855,0.11692307692307692,False,False,True,False,False
Pepsi Zero Sugar,0.4234234234234234,0.0,0.2123076923076923,False,False,True,False,False
Pibb Xtra,0.4234234234234234,0.4,0.12307692307692308,False,False,True,False,False
RC (Royal Crown) Cola,0.4234234234234234,0.45714285714285713,0.13230769230769232,False,False,True,False,False
Ritz Cola,0.4234234234234234,0.4114285714285714,0.03076923076923077,False,False,True,False,False
Ruby Red Squirt,0.4234234234234234,0.4857142857142857,0.12,False,False,True,False,False
Sarsaparilla,0.4234234234234234,0.4857142857142857,0.0,False,False,True,False,False
Shasta Cola,0.4234234234234234,0.4857142857142857,0.13230769230769232,False,False,True,False,False
Shasta Diet Cola,0.4234234234234234,0.0,0.14461538461538462,False,False,True,False,False
Shasta Mountain Rush,0.4234234234234234,0.42857142857142855,0.16615384615384615,False,False,True,False,False
Ski Soda,0.4234234234234234,0.5142857142857142,0.2123076923076923,False,False,True,False,False
Slurpee,0.4234234234234234,0.2571428571428571,0.09230769230769231,False,False,True,False,False
Sprite,0.4234234234234234,0.4,0.0,False,False,True,False,False
Squirt Soda,0.4234234234234234,0.4,0.0,False,False,True,False,False
Starbucks Refreshers Canned,0.4234234234234234,0.2571428571428571,0.15384615384615385,False,False,True,False,False
Sun Drop Soda,0.4234234234234234,0.4857142857142857,0.19692307692307692,False,False,True,False,False
Sunkist Orange Soda,0.4234234234234234,0.45714285714285713,0.05846153846153846,False,False,True,False,False
Vernors Ginger Ale,0.4234234234234234,0.4,0.0,False,False,True,False,False
Wave Soda,0.4234234234234234,0.07142857142857142,0.12923076923076923,False,False,True,False,False
Wild Cherry Pepsi,0.4234234234234234,0.45714285714285713,0.11692307692307692,False,False,True,False,False
Zevia Cola,0.4234234234234234,0.0,0.13846153846153847,False,False,True,False,False
Boost Nutritional Drink,0.27927927927927926,0.6857142857142857,0.015384615384615385,False,False,True,False,False
Mucho Mango Energy Drink,0.27927927927927926,0.2857142857142857,0.0,False,False,True,False,False
Soda Stream,0.27927927927927926,0.11428571428571428,0.09538461538461539,False,False,True,False,False
PG Tips Black Tea,0.23531531531531533,0.0,0.15384615384615385,False,False,False,True,False
Sencha Green Tea Shot,0.2216216216216216,0.0,0.12307692307692308,False,False,False,True,False
Xingtea Iced Green Tea,0.8378378378378378,0.14285714285714285,0.3384615384615385,False,False,False,True,False
Gold Peak Tea,0.6576576576576576,0.0,0.14769230769230768,False,False,False,True,False
Pure Leaf Iced Tea,0.6576576576576576,0.45714285714285713,0.2123076923076923,False,False,False,True,False
Honest Iced Tea,0.6,0.2,0.19384615384615383,False,False,False,True,False
Nestea Iced Tea,0.6,0.45714285714285713,0.07076923076923076,False,False,False,True,False
Oi Ocha Green Tea,0.6,0.014285714285714285,0.18461538461538463,False,False,False,True,False
Teas' Tea Oolong,0.6,0.0,0.2153846153846154,False,False,False,True,False
Guayaki Canned Yerba Mate,0.5495495495495495,0.34285714285714286,0.46153846153846156,False,False,False,True,False
Inko's White Tea Energy,0.5495495495495495,0.2857142857142857,0.5076923076923077,False,False,False,True,False
Master Brew Kombucha,0.5387387387387387,0.17142857142857143,0.23384615384615384,False,False,False,True,False
McDonalds Sweet Tea,0.9999999999999999,0.45714285714285713,0.3076923076923077,False,False,False,True,False
Dunkin' Donuts Iced Tea,0.8558558558558558,0.6571428571428571,0.19384615384615383,False,False,False,True,False
Fuze Iced Tea,0.8558558558558558,0.45714285714285713,0.07384615384615384,False,False,False,True,False
Peace Tea,0.8198198198198197,0.42857142857142855,0.07076923076923076,False,False,False,True,False
Lipton Iced Tea,0.7117117117117117,0.3142857142857143,0.07692307692307693,False,False,False,True,False
SoBe Green Tea,0.7117117117117117,0.5714285714285714,0.021538461538461538,False,False,False,True,False
Arizona Iced Tea,0.5675675675675675,0.5428571428571428,0.09230769230769231,False,False,False,True,False
Biggby Iced Tea,0.5675675675675675,0.0,0.11692307692307692,False,False,False,True,False
Chick-fil-A Iced Tea,0.5675675675675675,0.34285714285714286,0.19076923076923077,False,False,False,True,False
Guayaki Yerba Mate Bottled Tea,0.5675675675675675,0.22857142857142856,0.4307692307692308,False,False,False,True,False
Snapple Tea,0.5675675675675675,0.42857142857142855,0.11384615384615385,False,False,False,True,False
Southern Sweet Tea,0.5675675675675675,0.3657142857142857,0.12615384615384614,False,False,False,True,False
Taiwanese Milk Tea,0.5675675675675675,0.8542857142857143,0.4646153846153846,False,False,False,True,False
Wendy's Iced Tea,0.5675675675675675,0.014285714285714285,0.09846153846153846,False,False,False,True,False
Xing Craft Brew,0.5675675675675675,0.014285714285714285,0.36923076923076925,False,False,False,True,False
Brew Dr Kombucha Uplift,0.49549549549549543,0.22857142857142856,0.4,False,False,False,True,False
Brisk Iced Tea,0.4234234234234234,0.2,0.033846153846153845,False,False,False,True,False
KOE Kombucha,0.4234234234234234,0.1,0.046153846153846156,False,False,False,True,False
Tejava Iced Tea,0.4234234234234234,0.0,0.15384615384615385,False,False,False,True,False
Turkey Hill Iced Tea,0.4234234234234234,0.34285714285714286,0.19692307692307692,False,False,False,True,False
Big Train Spiced Chai,0.27927927927927926,0.6,0.2,False,False,False,True,False
Bigelow Tea,0.27927927927927926,0.0,0.13846153846153847,False,False,False,True,False
Brown Rice Tea,0.27927927927927926,0.0,0.012307692307692308,False,False,False,True,False
Chai Tea,0.27927927927927926,0.0,0.15384615384615385,False,False,False,True,False
Cold Brew Tea,0.27927927927927926,0.0,0.2153846153846154,False,False,False,True,False
Crystal Light Iced Tea,0.27927927927927926,0.014285714285714285,0.03076923076923077,False,False,False,True,False
Fast Lane Black Tea,0.27927927927927926,0.0,0.3384615384615385,False,False,False,True,False
Guayusa Tea,0.27927927927927926,0.0,0.12615384615384614,False,False,False,True,False
HICAF Tea,0.27927927927927926,0.0,0.3384615384615385,False,False,False,True,False
K Cup Tea,0.27927927927927926,0.0,0.12615384615384614,False,False,False,True,False
Kombucha Tea,0.27927927927927926,0.08571428571428572,0.07384615384615384,False,False,False,True,False
Lipton Natural Energy Tea,0.27927927927927926,0.0,0.23076923076923078,False,False,False,True,False
Lipton Tea,0.27927927927927926,0.0,0.16923076923076924,False,False,False,True,False
Matcha Tea,0.27927927927927926,0.0,0.19692307692307692,False,False,False,True,False
Morning Thunder Tea,0.27927927927927926,0.0,0.13846153846153847,False,False,False,True,False
Tazo Chai,0.27927927927927926,0.0,0.14461538461538462,False,False,False,True,False
Tea (Black),0.27927927927927926,0.0,0.12923076923076923,False,False,False,True,False
Tea (Decaf),0.27927927927927926,0.0,0.012307692307692308,False,False,False,True,False
Tea (Green),0.27927927927927926,0.0,0.055384615384615386,False,False,False,True,False
Tea (Herbal),0.27927927927927926,0.0,0.0,False,False,False,True,False
Tea (Iced),0.27927927927927926,0.0,0.14461538461538462,False,False,False,True,False
Tea (Instant),0.27927927927927926,0.0,0.12307692307692308,False,False,False,True,False
Tea (Jasmine),0.27927927927927926,0.0,0.07692307692307693,False,False,False,True,False
Tea (Oolong),0.27927927927927926,0.0,0.11384615384615385,False,False,False,True,False
Tea (White),0.27927927927927926,0.0,0.08615384615384615,False,False,False,True,False
Teavana Tea,0.27927927927927926,0.0,0.12615384615384614,False,False,False,True,False
Twig Tea (Kukicha),0.27927927927927926,0.0,0.07692307692307693,False,False,False,True,False
Waka Instant Tea,0.27927927927927926,0.0,0.09230769230769231,False,False,False,True,False
Yellow Tea,0.27927927927927926,0.0,0.19384615384615383,False,False,False,True,False
Yerba Mate Tea,0.27927927927927926,0.0,0.12307692307692308,False,False,False,True,False
YMateina Yerba Mate,0.27927927927927926,0.0,0.24615384615384617,False,False,False,True,False
Zest Highly Caffeinated Tea,0.27927927927927926,0.0,0.46153846153846156,False,False,False,True,False
Oregon Chai Tea,0.2072072072072072,0.37142857142857144,0.13846153846153847,False,False,False,True,False
Pacific Chai,0.2072072072072072,0.2571428571428571,0.08923076923076922,False,False,False,True,False
Perrier Energize,0.2958558558558559,0.1,0.3046153846153846,False,False,False,False,True
3 Water,0.6,0.0,0.15384615384615385,False,False,False,False,True
Heroec Energy Water,0.6,0.0,0.18461538461538463,False,False,False,False,True
Caribou BOUsted Sparkling Water,0.4054054054054054,0.0,0.23076923076923078,False,False,False,False,True
Phocus Sparkling Water,0.4054054054054054,0.0,0.23076923076923078,False,False,False,False,True
Poland Spring Sparkling Energy Water,0.4054054054054054,0.1,0.23076923076923078,False,False,False,False,True
Perrier Sparkling Water,0.3927927927927928,0.0,0.0,False,False,False,False,True
VitaminWater Energy,0.7117117117117117,0.2857142857142857,0.15384615384615385,False,False,False,False,True
VitaRain Zero Enhanced Water,0.7117117117117117,0.0,0.12923076923076923,False,False,False,False,True
Water Joe,0.7117117117117117,0.0,0.2153846153846154,False,False,False,False,True
Polar Frost Plus Energy,0.6036036036036035,0.02857142857142857,0.20615384615384616,False,False,False,False,True
Hint Caffeine Kick Water,0.5675675675675675,0.0,0.18461538461538463,False,False,False,False,True
Sparkling Ice +Caffeine,0.5675675675675675,0.014285714285714285,0.2153846153846154,False,False,False,False,True
AHA Sparkling Water,0.4234234234234234,0.0,0.09230769230769231,False,False,False,False,True
Arti Sparkling Water,0.4234234234234234,0.0,0.36923076923076925,False,False,False,False,True
Bubbl'r Sparkling Water,0.4234234234234234,0.014285714285714285,0.2123076923076923,False,False,False,False,True
Bubly Bounce Sparkling Water,0.4234234234234234,0.0,0.1076923076923077,False,False,False,False,True
Bubly Sparkling Water,0.4234234234234234,0.0,0.0,False,False,False,False,True
GURU Sparkling Energy Water,0.4234234234234234,0.0,0.3076923076923077,False,False,False,False,True
La Croix Sparkling Water,0.4234234234234234,0.0,0.0,False,False,False,False,True
Limitless Sparkling Water,0.4234234234234234,0.0,0.1076923076923077,False,False,False,False,True
Pep Talk Sparkling Water,0.4234234234234234,0.0,0.16923076923076924,False,False,False,False,True
Polar Seltzer Water,0.4234234234234234,0.0,0.0,False,False,False,False,True
Yerbae Sparkling Water,0.4234234234234234,0.0,0.3076923076923077,False,False,False,False,True
Tonic Water,0.3513513513513513,0.3142857142857143,0.0,False,False,False,False,True
MiO Energy Water Enhancer,0.27927927927927926,0.0,0.18461538461538463,False,False,False,False,True
